[
    {
        "dataResult": {
            "assistanceFileId": 795459,
            "documentAccuracy": 94.3,
            "documentId": 1,
            "documentType": 528,
            "yearlyData": [
                {
                    "data": [
                        {
                            "accuracy": 97.5,
                            "amount": 232,
                            "familyComposition": "זוג",
                            "healthInsuranceDeduction": "-1",
                            "month": 10
                        },
                        {
                            "accuracy": 84.8,
                            "amount": 232,
                            "familyComposition": "זוג",
                            "healthInsuranceDeduction": "-1",
                            "month": 11
                        },
                        {
                            "accuracy": 98.8,
                            "amount": 232,
                            "familyComposition": "זוג",
                            "healthInsuranceDeduction": "-1",
                            "month": 12
                        }
                    ],
                    "year": 2023
                },
                {
                    "data": [
                        {
                            "accuracy": 97.5,
                            "amount": 232,
                            "familyComposition": "זוג",
                            "healthInsuranceDeduction": "-1",
                            "month": 1
                        },
                        {
                            "accuracy": 84.8,
                            "amount": 232,
                            "familyComposition": "זוג",
                            "healthInsuranceDeduction": "-1",
                            "month": 2
                        },
                        {
                            "accuracy": 98.8,
                            "amount": 232,
                            "familyComposition": "זוג",
                            "healthInsuranceDeduction": "-1",
                            "month": 3
                        }
                    ],
                    "year": 2024
                }
            ]
        },
        "filename": "1_795459_528_2021-06-06T13-44-43",
        "status_code": "200"
    },
    {
        "error_description": "The provided ID is invalid",
        "filename": "_795459_528_2021-06-06T13-44-43",
        "status_code": "400"
    },
    {
        "error_description": "An unexpected error occurred while processing the request",
        "filename": "3_745459_528_2021-06-06T13-44-55",
        "status_code": "502"
    }
]